Model Name,Temperature,Top-k,Top-p,Hamming Loss,Jaccard Index,Precision,Recall,F1-score,Exact Match
gpt-4o-mini,0.0,,0.4,0.11853448275862069,0.4337164750957853,0.524904214559387,0.5977011494252874,0.5589423718175042,0.14942528735632185
gpt-4o-mini,0.0,,0.5,0.12284482758620689,0.4348659003831417,0.5172413793103449,0.5814176245210728,0.5474551303249858,0.1839080459770115
gpt-4o-mini,0.0,,0.6,0.10416666666666667,0.4777777777777778,0.5881226053639848,0.6293103448275862,0.608019750942782,0.19540229885057472
gpt-4o-mini,0.0,,0.7,0.11637931034482758,0.4358237547892721,0.5344827586206896,0.5900383141762451,0.5608882100687305,0.16091954022988506
gpt-4o-mini,0.0,,0.8,0.11278735632183907,0.4394636015325671,0.5555555555555557,0.6111111111111112,0.5820105820105821,0.12643678160919541
gpt-4o-mini,0.0,,0.9,0.11494252873563218,0.4545977011494253,0.5459770114942529,0.6111111111111112,0.5767108167770421,0.1839080459770115