Model Name,Temperature,Top-k,Top-p,Hamming Loss,Jaccard Index,Precision,Recall,F1-score,Exact Match
gpt-4.1-mini,0.0,,0.6,0.1314655172413793,0.4210727969348659,0.5028735632183908,0.5603448275862069,0.5300559179869525,0.1839080459770115
